entity_id,slug,name,type,status,priority,ticker,exchange,currency,geography,sector,industry,business_lines,description,search_keywords,connected_entities,last_retrieval_at,last_report_date,last_source_count,confidence,owner_notes
entity_tesla,tesla,Tesla,company,active,1,TSLA,Public market,USD,Global,Company,"Core anchor entity already implemented; links autos, energy, AI, robotics, batteries",Automotive; Energy generation and storage; Services and software. | Key KPIs,"Tesla is tracked because Core anchor entity already implemented; links autos, energy, AI, robotics, batteries. Bootstrap content stays concise and source-backed so daily runs can replace placeholders with dated evidence.",Tesla|TSLA|EV|Optimus|FSD|robotaxi|megapack|energy storage,ev_market|automotive_market|lithium|battery_storage|humanoid_robots|robotaxi_autonomy|solar|energy|elon_musk|nvidia|panasonic_energy|catl|byd|xai|charging_infrastructure|lg_energy_solution,2026-06-21T09:58:46Z,2026-06-21,9,0.70,Daily run 2026-06-21: Q1 2026 cash flow and revenue improved; margins still low; AI/power links matter more.
entity_amazon,amazon,Amazon,company,active,1,AMZN,Public market,USD,Global,Company,"Cloud, AI infrastructure, logistics, satellite internet",Reporting lens | Key KPIs,"Amazon is tracked because Cloud, AI infrastructure, logistics, satellite internet. Bootstrap content stays concise and source-backed so daily runs can replace placeholders with dated evidence.",Amazon|AWS|Trainium|Inferentia|ecommerce|Kuiper|Amazon investor relations|Amazon annual report,aws|anthropic|nvidia|datacenters|energy|amazon_kuiper|logistics_automation,2026-06-20T21:36:24Z,2026-06-20,4,0.60,Bootstrap batch from seed CSV; depth 2; unresolved data should be tightened in daily runs.
entity_anthropic,anthropic,Anthropic,private_company,active,1,,Private / thematic,USD,Global,Private Company,Core frontier AI model competitor,"Anthropic should be tracked by its core products/services, strategic growth vectors, and capital intensity. | Bootstrap focus",Anthropic is tracked because Core frontier AI model competitor. Bootstrap content stays concise and source-backed so daily runs can replace placeholders with dated evidence.,Anthropic|Claude|constitutional AI|enterprise AI|Anthropic official site|Anthropic product update,amazon|google|nvidia|datacenters|openai|energy,2026-06-20T21:36:24Z,2026-06-20,2,0.55,Bootstrap batch from seed CSV; depth 2; unresolved data should be tightened in daily runs.
entity_asml,asml,ASML,company,active,1,ASML,Public market,USD,Global,Company,Semiconductor capital equipment bottleneck,Reporting lens | Key KPIs,ASML is tracked because Semiconductor capital equipment bottleneck. Bootstrap content stays concise and source-backed so daily runs can replace placeholders with dated evidence.,ASML|EUV|lithography|High-NA EUV|ASML investor relations|ASML annual report,tsmc|samsung_electronics|intel|us_china_chip_controls,2026-06-20T21:36:24Z,2026-06-20,3,0.60,Bootstrap batch from seed CSV; depth 1; unresolved data should be tightened in daily runs.
entity_automotive_market,automotive_market,Automotive market,market,active,1,,Private / thematic,USD,Global,Market,Tracks EV share shift and legacy automaker pressure,Demand drivers | Constraints,"Automotive market is tracked as a system-level node because Tracks EV share shift and legacy automaker pressure. The bootstrap focuses on demand drivers, bottlenecks, pricing, and linked entities.",global auto market|vehicle sales|ICE|EV|hybrids|Automotive market|Automotive market report,tesla|byd|toyota|volkswagen|robotaxi_autonomy|oil,2026-06-20T21:36:24Z,2026-06-20,1,0.60,Bootstrap batch from seed CSV; depth 1; unresolved data should be tightened in daily runs.
entity_battery_storage,battery_storage,Battery energy storage,sector,active,1,,Private / thematic,USD,Global,Sector,"Core bridge between Tesla energy, grid, and renewables",Demand drivers | Constraints,"Battery energy storage is tracked as a system-level node because Core bridge between Tesla energy, grid, and renewables. The bootstrap focuses on demand drivers, bottlenecks, pricing, and linked entities.",battery storage|BESS|grid storage|Megapack|LFP|sodium ion|Battery energy storage|Battery energy storage report,tesla|lithium|catl|byd|lg_energy_solution|panasonic_energy|energy|electricity_grid|solar,2026-06-20T21:36:24Z,2026-06-20,2,0.60,Bootstrap batch from seed CSV; depth 2; unresolved data should be tightened in daily runs.
entity_catl,catl,CATL,company,active,1,300750.SZ,Public market,USD,Global,Company,Dominant battery supplier and chemistry signal,Business lines | Key KPIs,CATL is tracked because Dominant battery supplier and chemistry signal. Bootstrap content stays concise and source-backed so daily runs can replace placeholders with dated evidence.,CATL|batteries|LFP|sodium ion|EV battery|CATL investor relations|CATL annual report,tesla|byd|lithium|battery_storage|ev_market,2026-06-20T21:36:24Z,2026-06-20,2,0.60,Bootstrap batch from seed CSV; depth 1; unresolved data should be tightened in daily runs.
entity_copper,copper,Copper,commodity,active,1,,Private / thematic,USD,Global,Commodity,Electrification bottleneck commodity,"Pricing reflects grid/data-center/EV demand, mine supply growth, and smelter/refining constraints. | Bootstrap focus","Copper is tracked as a key input and pricing signal because Electrification bottleneck commodity. The bootstrap emphasizes supply-demand, price transmission, and downstream exposure.",copper|electrification|grid copper|data center copper|Copper|Copper report,electricity_grid|solar|battery_storage|datacenters|ev_market,2026-06-20T21:36:24Z,2026-06-20,1,0.60,Bootstrap batch from seed CSV; depth 1; unresolved data should be tightened in daily runs.
entity_datacenters,datacenters,AI data centers,infrastructure,active,1,,Private / thematic,USD,Global,Infrastructure,Physical bottleneck for AI scaling; bridges compute and energy,Demand drivers | Constraints | Pricing mechanisms,"AI data centers is tracked as a system-level node because Physical bottleneck for AI scaling; bridges compute and energy. The bootstrap focuses on demand drivers, bottlenecks, pricing, and linked entities.",AI data centers|hyperscale|GPU clusters|power usage|inference capacity|AI data centers report,nvidia|amazon|google|meta|microsoft|openai|anthropic|energy|electricity_grid|natural_gas|nuclear_power|battery_storage|transformers,2026-06-21T12:26:42Z,2026-06-21,3,0.72,"Daily run 2026-06-21: demand thesis held, but source set shifted from generic buildout anxiety toward energization bottlenecks, load volatility, and brownfield repowering."
entity_electricity_grid,electricity_grid,Electricity grid,infrastructure,active,1,,Private / thematic,USD,Global,Infrastructure,AI and electrification bottleneck,Demand drivers | Constraints,"Electricity grid is tracked as a system-level node because AI and electrification bottleneck. The bootstrap focuses on demand drivers, bottlenecks, pricing, and linked entities.",electric grid|transmission|grid congestion|interconnection queue|transformers|Electricity grid|Electricity grid report,datacenters|energy|solar|wind_power|nuclear_power|natural_gas|battery_storage|copper|transformers,2026-06-21T12:26:42Z,2026-06-21,2,0.68,"Daily run 2026-06-21: grid thesis upgraded from capacity shortage alone to reliability risk from large AI loads, with gas repowering and storage/control systems gaining importance."
entity_elon_musk,elon_musk,Elon Musk,person,active,1,,Private / thematic,USD,Global,Person,Key person risk and strategic connector,"Cross-company key person for Tesla, SpaceX, xAI, and Neuralink; monitor capital allocation, governance, and attention bandwidth. | Bootstrap focus",Elon Musk is tracked as a key-person and strategy connector because Key person risk and strategic connector.,Elon Musk|Tesla|SpaceX|xAI|Optimus|Starship|Elon Musk interview|Elon Musk strategy,tesla|spacex|xai|neuralink,2026-06-20T21:36:24Z,2026-06-20,1,0.55,Bootstrap batch from seed CSV; depth 1; unresolved data should be tightened in daily runs.
entity_energy,energy,Energy,sector,active,1,,Private / thematic,USD,Global,Sector,"Macro umbrella for AI, EVs, storage, and commodities",Demand drivers | Constraints,"Energy is tracked as a system-level node because Macro umbrella for AI, EVs, storage, and commodities. The bootstrap focuses on demand drivers, bottlenecks, pricing, and linked entities.",energy market|electricity|oil|gas|renewables|power demand|Energy|Energy report,solar|oil|natural_gas|nuclear_power|electricity_grid|datacenters|battery_storage,2026-06-20T21:36:24Z,2026-06-20,1,0.60,Bootstrap batch from seed CSV; depth 2; unresolved data should be tightened in daily runs.
entity_ev_market,ev_market,Electric vehicle market,market,active,1,,Private / thematic,USD,Global,Market,Core Tesla demand pool,Demand drivers | Constraints,"Electric vehicle market is tracked as a system-level node because Core Tesla demand pool. The bootstrap focuses on demand drivers, bottlenecks, pricing, and linked entities.",EV market|electric vehicles|BEV|EV adoption|EV sales|Electric vehicle market|Electric vehicle market report,tesla|byd|automotive_market|battery_storage|lithium|charging_infrastructure,2026-06-20T21:36:24Z,2026-06-20,1,0.60,Bootstrap batch from seed CSV; depth 2; unresolved data should be tightened in daily runs.
entity_google,google,Google / Alphabet,company,active,1,GOOGL,Public market,USD,Global,Company,"AI, search, cloud, TPU, autonomy, ads",Reporting lens | Key KPIs,"Google / Alphabet is tracked because AI, search, cloud, TPU, autonomy, ads. Bootstrap content stays concise and source-backed so daily runs can replace placeholders with dated evidence.",Google|Alphabet|GOOG|GOOGL|Gemini|DeepMind|TPU|search ads,openai|anthropic|nvidia|tsmc|datacenters|energy|waymo|digital_ads|cloud_market,2026-06-20T21:36:24Z,2026-06-20,4,0.60,Bootstrap batch from seed CSV; depth 2; unresolved data should be tightened in daily runs.
entity_humanoid_robots,humanoid_robots,Humanoid robots,sector,active,1,,Private / thematic,USD,Global,Sector,Major long-term labor automation theme,Demand drivers | Constraints,"Humanoid robots is tracked as a system-level node because Major long-term labor automation theme. The bootstrap focuses on demand drivers, bottlenecks, pricing, and linked entities.",humanoid robots|general purpose robots|embodied AI|robot labor|Humanoid robots|Humanoid robots report,tesla|figure_ai|agility_robotics|apptronik|unitree_robotics|boston_dynamics|nvidia|robot_actuators|robot_sensors,2026-06-20T21:36:24Z,2026-06-20,1,0.60,Bootstrap batch from seed CSV; depth 2; unresolved data should be tightened in daily runs.
entity_lithium,lithium,Lithium,commodity,active,1,,Private / thematic,USD,Global,Commodity,Core battery commodity,"Pricing follows battery-grade carbonate/hydroxide supply-demand balance; leading indicators are EV/storage demand, brine/spodumene expansions, and Chinese converter margins. | Bootstrap focus","Lithium is tracked as a key input and pricing signal because Core battery commodity. The bootstrap emphasizes supply-demand, price transmission, and downstream exposure.",lithium|lithium carbonate|lithium hydroxide|brine|spodumene|Lithium|Lithium report,tesla|catl|albemarle|sqm|battery_storage|ev_market,2026-06-20T21:36:24Z,2026-06-20,1,0.60,Bootstrap batch from seed CSV; depth 2; unresolved data should be tightened in daily runs.
entity_meta,meta,Meta,company,active,1,META,Public market,USD,Global,Company,"Open-source AI, ads, social distribution, compute capex",Reporting lens | Key KPIs,"Meta is tracked because Open-source AI, ads, social distribution, compute capex. Bootstrap content stays concise and source-backed so daily runs can replace placeholders with dated evidence.",Meta|Facebook|Instagram|Llama|Reality Labs|AI ads|Meta investor relations|Meta annual report,openai|google|nvidia|datacenters|energy|digital_ads|vr_ar_market,2026-06-20T21:36:24Z,2026-06-20,4,0.60,Bootstrap batch from seed CSV; depth 2; unresolved data should be tightened in daily runs.
entity_microsoft,microsoft,Microsoft,company,active,1,MSFT,Public market,USD,Global,Company,"OpenAI distribution, enterprise AI, cloud capex",Reporting lens | Key KPIs,"Microsoft is tracked because OpenAI distribution, enterprise AI, cloud capex. Bootstrap content stays concise and source-backed so daily runs can replace placeholders with dated evidence.",Microsoft|Azure|Copilot|OpenAI|cloud|AI agents|Microsoft investor relations|Microsoft annual report,openai|nvidia|datacenters|energy|cloud_market,2026-06-20T21:36:24Z,2026-06-20,4,0.60,Bootstrap batch from seed CSV; depth 2; unresolved data should be tightened in daily runs.
entity_nvidia,nvidia,Nvidia,company,active,1,NVDA,Public market,USD,Global,Company,Core AI infrastructure bottleneck and valuation anchor,Reporting lens | Key KPIs,Nvidia is tracked because Core AI infrastructure bottleneck and valuation anchor. Bootstrap content stays concise and source-backed so daily runs can replace placeholders with dated evidence.,Nvidia|NVDA|GPU|H100|H200|B100|Blackwell|CUDA,tsmc|sk_hynix|micron|datacenters|openai|anthropic|google|meta|amazon|microsoft|broadcom,2026-06-20T21:36:24Z,2026-06-20,4,0.60,Bootstrap batch from seed CSV; depth 2; unresolved data should be tightened in daily runs.
entity_oil,oil,Oil,commodity,active,1,,Private / thematic,USD,Global,Commodity,"Tracks EV displacement, macro, and transport energy","Pricing reflects OPEC supply discipline, global transport demand, geopolitics, and substitution from EV adoption at the margin. | Bootstrap focus","Oil is tracked as a key input and pricing signal because Tracks EV displacement, macro, and transport energy. The bootstrap emphasizes supply-demand, price transmission, and downstream exposure.",oil|crude|Brent|WTI|OPEC|gasoline|diesel|Oil,energy|automotive_market|ev_market|natural_gas,2026-06-20T21:36:24Z,2026-06-20,1,0.60,Bootstrap batch from seed CSV; depth 1; unresolved data should be tightened in daily runs.
entity_openai,openai,OpenAI,private_company,active,1,,Private / thematic,USD,Global,Private Company,Core AI model/platform entity,"OpenAI should be tracked by its core products/services, strategic growth vectors, and capital intensity. | Bootstrap focus",OpenAI is tracked because Core AI model/platform entity. Bootstrap content stays concise and source-backed so daily runs can replace placeholders with dated evidence.,OpenAI|ChatGPT|GPT|inference|AI agents|Sora|OpenAI official site|OpenAI product update,microsoft|nvidia|datacenters|energy|anthropic|google|meta|xai,2026-06-20T21:36:24Z,2026-06-20,2,0.55,Bootstrap batch from seed CSV; depth 2; unresolved data should be tightened in daily runs.
entity_robotaxi_autonomy,robotaxi_autonomy,Robotaxi and autonomy,technology,active,1,,Private / thematic,USD,Global,Technology,Potential winner-take-most transportation platform,Demand drivers | Constraints,"Robotaxi and autonomy is tracked as a system-level node because Potential winner-take-most transportation platform. The bootstrap focuses on demand drivers, bottlenecks, pricing, and linked entities.",robotaxi|autonomous driving|FSD|self-driving|AV market|Robotaxi and autonomy|Robotaxi and autonomy report,tesla|waymo|zoox|automotive_market|ai_inference_economics,2026-06-20T21:36:24Z,2026-06-20,1,0.60,Bootstrap batch from seed CSV; depth 2; unresolved data should be tightened in daily runs.
entity_solar,solar,Solar energy,sector,active,1,,Private / thematic,USD,Global,Sector,Renewable supply side for storage and AI electricity demand,Demand drivers | Constraints,"Solar energy is tracked as a system-level node because Renewable supply side for storage and AI electricity demand. The bootstrap focuses on demand drivers, bottlenecks, pricing, and linked entities.",solar|photovoltaics|PV|solar modules|inverters|utility solar|Solar energy|Solar energy report,energy|battery_storage|electricity_grid|silver|copper,2026-06-20T21:36:24Z,2026-06-20,1,0.60,Bootstrap batch from seed CSV; depth 1; unresolved data should be tightened in daily runs.
entity_spacex,spacex,SpaceX,private_company,active,1,,Private / thematic,USD,Global,Private Company,"Private space infrastructure anchor; linked to launch costs, satellite internet, defense, Mars optionality",Business lines | Key KPIs,"SpaceX is tracked because Private space infrastructure anchor; linked to launch costs, satellite internet, defense, Mars optionality. Bootstrap content stays concise and source-backed so daily runs can replace placeholders with dated evidence.",SpaceX|Starship|Falcon|Starlink|launch market|reusable rockets|SpaceX official site|SpaceX product update,starlink|space_launch_market|satellite_internet|amazon_kuiper|rocket_lab|elon_musk,2026-06-20T21:36:24Z,2026-06-20,2,0.55,Bootstrap batch from seed CSV; depth 2; unresolved data should be tightened in daily runs.
entity_tsmc,tsmc,TSMC,company,active,1,TSM,Public market,USD,Global,Company,Critical semiconductor manufacturing bottleneck,Reporting lens | Key KPIs,TSMC is tracked because Critical semiconductor manufacturing bottleneck. Bootstrap content stays concise and source-backed so daily runs can replace placeholders with dated evidence.,TSMC|Taiwan Semiconductor|advanced node|CoWoS|foundry|TSMC investor relations|TSMC annual report,nvidia|apple|amd|broadcom|asml|china_taiwan_risk,2026-06-21T09:58:46Z,2026-06-21,4,0.68,Daily run 2026-06-21: Taiwan macro data reinforced AI-demand concentration and geopolitical concentration risk.
entity_xai,xai,xAI,private_company,active,1,,Private / thematic,USD,Global,Private Company,Elon-linked AI company; possible Tesla/robotics/data-center synergies,Business lines | Key KPIs,xAI is tracked because Elon-linked AI company; possible Tesla/robotics/data-center synergies. Bootstrap content stays concise and source-backed so daily runs can replace placeholders with dated evidence.,xAI|Grok|Colossus|AI training cluster|inference|xAI official site|xAI product update,tesla|nvidia|datacenters|energy|openai|anthropic|google|meta|elon_musk,2026-06-20T21:36:24Z,2026-06-20,2,0.55,Bootstrap batch from seed CSV; depth 2; unresolved data should be tightened in daily runs.
entity_agility_robotics,agility_robotics,Agility Robotics,private_company,active,2,,Private / thematic,USD,Global,Private Company,Warehouse humanoid/commercial robot deployment signal,"Agility Robotics should be tracked by its core products/services, strategic growth vectors, and capital intensity. | Bootstrap focus",Agility Robotics is tracked because Warehouse humanoid/commercial robot deployment signal. Bootstrap content stays concise and source-backed so daily runs can replace placeholders with dated evidence.,Agility Robotics|Digit robot|warehouse robot|Agility Robotics official site|Agility Robotics product update,humanoid_robots|amazon|logistics_automation,2026-06-20T21:36:24Z,2026-06-20,1,0.55,Bootstrap batch from seed CSV; depth 1; unresolved data should be tightened in daily runs.
entity_ai_agents,ai_agents,AI agents,technology,active,2,,Private / thematic,USD,Global,Technology,Software demand layer for model providers,Demand drivers | Constraints,"AI agents is tracked as a system-level node because Software demand layer for model providers. The bootstrap focuses on demand drivers, bottlenecks, pricing, and linked entities.",AI agents|autonomous agents|workflow automation|tool use|AI agents report,openai|anthropic|google|microsoft|meta|xai,2026-06-20T21:36:24Z,2026-06-20,1,0.60,Bootstrap batch from seed CSV; depth 1; unresolved data should be tightened in daily runs.
entity_ai_inference_economics,ai_inference_economics,AI inference economics,market,active,2,,Private / thematic,USD,Global,Market,Key variable for AI monetization and infrastructure demand,Demand drivers | Constraints,"AI inference economics is tracked as a system-level node because Key variable for AI monetization and infrastructure demand. The bootstrap focuses on demand drivers, bottlenecks, pricing, and linked entities.",inference cost|tokens|GPU utilization|model serving|AI margins|AI inference economics|AI inference economics report,openai|anthropic|nvidia|datacenters|energy,2026-06-20T21:36:24Z,2026-06-20,1,0.60,Bootstrap batch from seed CSV; depth 1; unresolved data should be tightened in daily runs.
entity_albemarle,albemarle,Albemarle,company,active,2,ALB,Public market,USD,Global,Company,Lithium producer and commodity-cycle signal,Business lines | Key KPIs,Albemarle is tracked because Lithium producer and commodity-cycle signal. Bootstrap content stays concise and source-backed so daily runs can replace placeholders with dated evidence.,Albemarle|lithium producer|lithium carbonate|lithium hydroxide|Albemarle investor relations|Albemarle annual report,lithium|tesla|battery_storage|ev_market,2026-06-20T21:36:24Z,2026-06-20,4,0.60,Bootstrap batch from seed CSV; depth 1; unresolved data should be tightened in daily runs.
entity_amazon_kuiper,amazon_kuiper,Amazon Kuiper,private_company,active,2,,Private / thematic,USD,Global,Private Company,Starlink competitor,"Amazon Kuiper should be tracked by its core products/services, strategic growth vectors, and capital intensity. | Bootstrap focus",Amazon Kuiper is tracked because Starlink competitor. Bootstrap content stays concise and source-backed so daily runs can replace placeholders with dated evidence.,Project Kuiper|Amazon satellite internet|LEO broadband|Amazon Kuiper official site|Amazon Kuiper product update,amazon|starlink|satellite_internet|spacex,2026-06-20T21:36:24Z,2026-06-20,1,0.55,Bootstrap batch from seed CSV; depth 1; unresolved data should be tightened in daily runs.
entity_amd,amd,AMD,company,active,2,AMD,Public market,USD,Global,Company,Nvidia challenger and AI compute pricing pressure,Reporting lens | Key KPIs,AMD is tracked because Nvidia challenger and AI compute pricing pressure. Bootstrap content stays concise and source-backed so daily runs can replace placeholders with dated evidence.,AMD|MI300|MI350|EPYC|AI GPU|AMD investor relations|AMD annual report,nvidia|tsmc|microsoft|datacenters,2026-06-20T21:36:24Z,2026-06-20,4,0.60,Bootstrap batch from seed CSV; depth 1; unresolved data should be tightened in daily runs.
entity_apple,apple,Apple,company,active,2,AAPL,Public market,USD,Global,Company,Consumer AI distribution and custom silicon,Reporting lens | Key KPIs,Apple is tracked because Consumer AI distribution and custom silicon. Bootstrap content stays concise and source-backed so daily runs can replace placeholders with dated evidence.,Apple|iPhone|Apple Intelligence|edge AI|silicon|Apple investor relations|Apple annual report,arm|tsmc|google|ai_consumer_devices,2026-06-20T21:36:24Z,2026-06-20,4,0.60,Bootstrap batch from seed CSV; depth 1; unresolved data should be tightened in daily runs.
entity_apptronik,apptronik,Apptronik,private_company,active,2,,Private / thematic,USD,Global,Private Company,Humanoid competitor and industrial deployment signal,"Apptronik should be tracked by its core products/services, strategic growth vectors, and capital intensity. | Bootstrap focus",Apptronik is tracked because Humanoid competitor and industrial deployment signal. Bootstrap content stays concise and source-backed so daily runs can replace placeholders with dated evidence.,Apptronik|Apollo robot|humanoid robot|Apptronik official site|Apptronik product update,humanoid_robots|logistics_automation|nvidia,2026-06-20T21:36:24Z,2026-06-20,1,0.55,Bootstrap batch from seed CSV; depth 1; unresolved data should be tightened in daily runs.
entity_arm,arm,Arm,company,active,2,ARM,Public market,USD,Global,Company,CPU architecture and edge/mobile AI exposure,Reporting lens | Key KPIs,Arm is tracked because CPU architecture and edge/mobile AI exposure. Bootstrap content stays concise and source-backed so daily runs can replace placeholders with dated evidence.,Arm|ARM|CPU IP|mobile processors|datacenter CPU|Arm investor relations|Arm annual report,nvidia|apple|amazon,2026-06-20T21:36:24Z,2026-06-20,4,0.60,Bootstrap batch from seed CSV; depth 1; unresolved data should be tightened in daily runs.
entity_aws,aws,AWS,company,active,2,AMZN,Public market,USD,Global,Company,Amazon's cloud and AI infra engine,Business lines | Key KPIs,AWS is tracked because Amazon's cloud and AI infra engine. Bootstrap content stays concise and source-backed so daily runs can replace placeholders with dated evidence.,AWS|Amazon Web Services|cloud|Trainium|Inferentia|AWS investor relations|AWS annual report,amazon|anthropic|nvidia|cloud_market|datacenters|energy,2026-06-20T21:36:24Z,2026-06-20,3,0.60,Bootstrap batch from seed CSV; depth 1; unresolved data should be tightened in daily runs.
entity_broadcom,broadcom,Broadcom,company,active,2,AVGO,Public market,USD,Global,Company,Custom AI silicon and networking exposure,Reporting lens | Key KPIs,Broadcom is tracked because Custom AI silicon and networking exposure. Bootstrap content stays concise and source-backed so daily runs can replace placeholders with dated evidence.,Broadcom|AVGO|custom ASIC|networking|VMware|Broadcom investor relations|Broadcom annual report,google|meta|openai|datacenters,2026-06-20T21:36:24Z,2026-06-20,4,0.60,Bootstrap batch from seed CSV; depth 1; unresolved data should be tightened in daily runs.
entity_byd,byd,BYD,company,active,2,1211.HK,Public market,USD,Global,Company,Tesla's most important EV and battery competitor,Reporting lens | Key KPIs,BYD is tracked because Tesla's most important EV and battery competitor. Bootstrap content stays concise and source-backed so daily runs can replace placeholders with dated evidence.,BYD|electric vehicles|batteries|China EV|BYD investor relations|BYD annual report,tesla|ev_market|catl|lithium|automotive_market,2026-06-20T21:36:24Z,2026-06-20,2,0.60,Bootstrap batch from seed CSV; depth 1; unresolved data should be tightened in daily runs.
entity_charging_infrastructure,charging_infrastructure,EV charging infrastructure,infrastructure,active,2,,Private / thematic,USD,Global,Infrastructure,EV adoption bottleneck and Tesla network asset,"EV charging infrastructure should be tracked through demand drivers, supply constraints, pricing, and leading indicators.","EV charging infrastructure is tracked as a system-level node because EV adoption bottleneck and Tesla network asset. The bootstrap focuses on demand drivers, bottlenecks, pricing, and linked entities.",EV charging|Supercharger|NACS|fast charging|charging stations|EV charging infrastructure|EV charging infrastructure report,tesla|ev_market|electricity_grid|energy,2026-06-20T21:36:24Z,2026-06-20,1,0.60,Bootstrap batch from seed CSV; depth 1; unresolved data should be tightened in daily runs.
entity_china_taiwan_risk,china_taiwan_risk,China-Taiwan geopolitical risk,regulation,active,2,,Private / thematic,USD,Global,Regulation,Tail risk for global semiconductor supply,"China-Taiwan geopolitical risk should be tracked through policy text, enforcement, exemptions, and supply-chain spillovers.","China-Taiwan geopolitical risk is tracked because policy constraints can change supply, demand, valuation, and strategic behavior across the stack.",Taiwan risk|China Taiwan|semiconductor supply chain|invasion risk|China-Taiwan geopolitical risk|China-Taiwan geopolitical risk report,tsmc|asml|nvidia,2026-06-20T21:36:24Z,2026-06-20,1,0.55,Bootstrap batch from seed CSV; depth 1; unresolved data should be tightened in daily runs.
entity_cloud_market,cloud_market,Cloud infrastructure market,market,active,2,,Private / thematic,USD,Global,Market,"Tracks cloud share, AI workloads, capex, pricing",Demand drivers | Constraints | Leading indicators,"Cloud infrastructure market is tracked as a system-level node because Tracks cloud share, AI workloads, capex, pricing. The bootstrap focuses on demand drivers, bottlenecks, pricing, and linked entities.",cloud market|hyperscaler|IaaS|PaaS|GPU cloud|Cloud infrastructure market|Cloud infrastructure market report,amazon|microsoft|google|oracle|datacenters|nvidia,2026-06-20T21:36:24Z,2026-06-20,1,0.60,Bootstrap batch from seed CSV; depth 1; unresolved data should be tightened in daily runs.
entity_dario_amodei,dario_amodei,Dario Amodei,person,active,2,,Private / thematic,USD,Global,Person,Key person for Anthropic strategy,"Anthropic strategy setter; monitor enterprise adoption, safety positioning, and capital intensity. | Bootstrap focus",Dario Amodei is tracked as a key-person and strategy connector because Key person for Anthropic strategy.,Dario Amodei|Anthropic|Claude|AI safety|Dario Amodei interview|Dario Amodei strategy,anthropic|amazon|google|openai,2026-06-20T21:36:24Z,2026-06-20,1,0.55,Bootstrap batch from seed CSV; depth 1; unresolved data should be tightened in daily runs.
entity_digital_ads,digital_ads,Digital advertising market,market,active,2,,Private / thematic,USD,Global,Market,"Revenue pool for Google, Meta, Amazon",Demand drivers | Constraints,"Digital advertising market is tracked as a system-level node because Revenue pool for Google, Meta, Amazon. The bootstrap focuses on demand drivers, bottlenecks, pricing, and linked entities.",digital ads|search ads|social ads|ad pricing|performance ads|Digital advertising market|Digital advertising market report,google|meta|amazon|ai_agents,2026-06-20T21:36:24Z,2026-06-20,1,0.60,Bootstrap batch from seed CSV; depth 1; unresolved data should be tightened in daily runs.
entity_figure_ai,figure_ai,Figure AI,private_company,active,2,,Private / thematic,USD,Global,Private Company,Important private humanoid competitor,"Figure AI should be tracked by its core products/services, strategic growth vectors, and capital intensity. | Bootstrap focus",Figure AI is tracked because Important private humanoid competitor. Bootstrap content stays concise and source-backed so daily runs can replace placeholders with dated evidence.,Figure AI|Figure 01|Figure 02|humanoid robot|Helix|Figure AI official site|Figure AI product update,humanoid_robots|openai|nvidia|tesla,2026-06-20T21:36:24Z,2026-06-20,1,0.55,Bootstrap batch from seed CSV; depth 1; unresolved data should be tightened in daily runs.
entity_graphite,graphite,Graphite,commodity,active,2,,Private / thematic,USD,Global,Commodity,Battery anode bottleneck and China exposure,"Pricing and supply risk hinge on anode demand growth, synthetic-vs-natural mix, and China processing concentration. | Bootstrap focus","Graphite is tracked as a key input and pricing signal because Battery anode bottleneck and China exposure. The bootstrap emphasizes supply-demand, price transmission, and downstream exposure.",graphite|battery anode|synthetic graphite|natural graphite|Graphite|Graphite report,battery_storage|ev_market,2026-06-20T21:36:24Z,2026-06-20,1,0.60,Bootstrap batch from seed CSV; depth 1; unresolved data should be tightened in daily runs.
entity_industrial_automation,industrial_automation,Industrial automation,sector,active,2,,Private / thematic,USD,Global,Sector,Incumbent baseline for robot disruption,"Industrial automation should be tracked through demand drivers, supply constraints, pricing, and leading indicators.","Industrial automation is tracked as a system-level node because Incumbent baseline for robot disruption. The bootstrap focuses on demand drivers, bottlenecks, pricing, and linked entities.",factory automation|robotics|PLC|industrial software|Industrial automation|Industrial automation report,fanuc|abb_robotics|rockwell_automation|siemens|humanoid_robots,2026-06-20T21:36:24Z,2026-06-20,1,0.60,Bootstrap batch from seed CSV; depth 1; unresolved data should be tightened in daily runs.
entity_jensen_huang,jensen_huang,Jensen Huang,person,active,2,,Private / thematic,USD,Global,Person,Key person for AI hardware strategy,"Nvidia strategy setter; monitor product cadence, supply-chain coordination, and hyperscaler relationships. | Bootstrap focus",Jensen Huang is tracked as a key-person and strategy connector because Key person for AI hardware strategy.,Jensen Huang|Nvidia|AI chips|GPUs|Jensen Huang interview|Jensen Huang strategy,nvidia|datacenters,2026-06-20T21:36:24Z,2026-06-20,1,0.55,Bootstrap batch from seed CSV; depth 1; unresolved data should be tightened in daily runs.
entity_lg_energy_solution,lg_energy_solution,LG Energy Solution,company,active,2,373220.KS,Public market,USD,Global,Company,Major global battery supplier,Business lines | Key KPIs,LG Energy Solution is tracked because Major global battery supplier. Bootstrap content stays concise and source-backed so daily runs can replace placeholders with dated evidence.,LG Energy Solution|EV batteries|battery storage|LG Energy Solution investor relations|LG Energy Solution annual report,tesla|battery_storage|lithium|ev_market,2026-06-20T21:36:24Z,2026-06-20,2,0.60,Bootstrap batch from seed CSV; depth 1; unresolved data should be tightened in daily runs.
entity_logistics_automation,logistics_automation,Logistics automation,market,active,2,,Private / thematic,USD,Global,Market,Near-term commercial robotics market,"Logistics automation should be tracked through demand drivers, supply constraints, pricing, and leading indicators.","Logistics automation is tracked as a system-level node because Near-term commercial robotics market. The bootstrap focuses on demand drivers, bottlenecks, pricing, and linked entities.",warehouse automation|fulfillment robots|logistics robots|Logistics automation|Logistics automation report,amazon|agility_robotics|apptronik|industrial_automation,2026-06-20T21:36:24Z,2026-06-20,1,0.60,Bootstrap batch from seed CSV; depth 1; unresolved data should be tightened in daily runs.
entity_mark_zuckerberg,mark_zuckerberg,Mark Zuckerberg,person,active,2,,Private / thematic,USD,Global,Person,Key person for Meta AI and metaverse strategy,Meta capital allocator for AI and Reality Labs; monitor ad monetization vs capex tolerance. | Bootstrap focus,Mark Zuckerberg is tracked as a key-person and strategy connector because Key person for Meta AI and metaverse strategy.,Mark Zuckerberg|Meta|Llama|AI|Reality Labs|Mark Zuckerberg interview|Mark Zuckerberg strategy,meta|digital_ads|datacenters,2026-06-20T21:36:24Z,2026-06-20,1,0.55,Bootstrap batch from seed CSV; depth 1; unresolved data should be tightened in daily runs.
entity_micron,micron,Micron,company,active,2,MU,Public market,USD,Global,Company,AI memory bottleneck and cyclical supply-demand signal,Reporting lens | Key KPIs,Micron is tracked because AI memory bottleneck and cyclical supply-demand signal. Bootstrap content stays concise and source-backed so daily runs can replace placeholders with dated evidence.,Micron|HBM|DRAM|NAND|memory cycle|Micron investor relations|Micron annual report,nvidia|sk_hynix|samsung_electronics,2026-06-20T21:36:24Z,2026-06-20,4,0.60,Bootstrap batch from seed CSV; depth 1; unresolved data should be tightened in daily runs.
entity_natural_gas,natural_gas,Natural gas,commodity,active,2,,Private / thematic,USD,Global,Commodity,Flexible power source for data-center load growth,"Pricing reflects storage, weather, LNG exports, power burn, and data-center-driven electricity demand. | Bootstrap focus","Natural gas is tracked as a key input and pricing signal because Flexible power source for data-center load growth. The bootstrap emphasizes supply-demand, price transmission, and downstream exposure.",natural gas|LNG|gas turbines|power generation|Natural gas|Natural gas report,energy|datacenters|electricity_grid|oil,2026-06-20T21:36:24Z,2026-06-20,1,0.60,Bootstrap batch from seed CSV; depth 1; unresolved data should be tightened in daily runs.
entity_nickel,nickel,Nickel,commodity,active,2,,Private / thematic,USD,Global,Commodity,Battery and stainless commodity; chemistry shift indicator,"Pricing follows stainless and battery demand, Indonesia supply growth, and chemistry substitution toward LFP. | Bootstrap focus","Nickel is tracked as a key input and pricing signal because Battery and stainless commodity; chemistry shift indicator. The bootstrap emphasizes supply-demand, price transmission, and downstream exposure.",nickel|battery nickel|class 1 nickel|NMC batteries|Nickel|Nickel report,battery_storage|ev_market|tesla,2026-06-20T21:36:24Z,2026-06-20,1,0.60,Bootstrap batch from seed CSV; depth 1; unresolved data should be tightened in daily runs.
entity_nuclear_power,nuclear_power,Nuclear power,sector,active,2,,Private / thematic,USD,Global,Sector,Firm clean power option for AI data centers,Demand drivers | Constraints,"Nuclear power is tracked as a system-level node because Firm clean power option for AI data centers. The bootstrap focuses on demand drivers, bottlenecks, pricing, and linked entities.",nuclear|SMR|uranium|baseload|data center power|Nuclear power|Nuclear power report,energy|uranium|datacenters|electricity_grid,2026-06-20T21:36:24Z,2026-06-20,1,0.60,Bootstrap batch from seed CSV; depth 1; unresolved data should be tightened in daily runs.
entity_oracle,oracle,Oracle,company,active,2,ORCL,Public market,USD,Global,Company,AI cloud capacity supplier and enterprise database platform,Business lines | Key KPIs,Oracle is tracked because AI cloud capacity supplier and enterprise database platform. Bootstrap content stays concise and source-backed so daily runs can replace placeholders with dated evidence.,Oracle Cloud|OCI|AI infrastructure|database|Oracle investor relations|Oracle annual report,nvidia|openai|datacenters|cloud_market|energy,2026-06-20T21:36:24Z,2026-06-20,4,0.60,Bootstrap batch from seed CSV; depth 1; unresolved data should be tightened in daily runs.
entity_panasonic_energy,panasonic_energy,Panasonic Energy,company,active,2,6752.T,Public market,USD,Global,Company,Tesla-linked battery supplier,Business lines | Key KPIs,Panasonic Energy is tracked because Tesla-linked battery supplier. Bootstrap content stays concise and source-backed so daily runs can replace placeholders with dated evidence.,Panasonic Energy|4680|Tesla battery supplier|Panasonic Energy investor relations|Panasonic Energy annual report,tesla|battery_storage|lithium|ev_market,2026-06-20T21:36:24Z,2026-06-20,2,0.60,Bootstrap batch from seed CSV; depth 1; unresolved data should be tightened in daily runs.
entity_rare_earths,rare_earths,Rare earths,commodity,active,2,,Private / thematic,USD,Global,Commodity,"Motors, robotics, wind, and China supply-chain risk","Pricing and strategic risk depend on permanent-magnet demand, China processing dominance, and defense/clean-tech demand. | Bootstrap focus","Rare earths is tracked as a key input and pricing signal because Motors, robotics, wind, and China supply-chain risk. The bootstrap emphasizes supply-demand, price transmission, and downstream exposure.",rare earths|neodymium|magnets|permanent magnets|Rare earths|Rare earths report,ev_market|humanoid_robots|wind_power,2026-06-20T21:36:24Z,2026-06-20,1,0.60,Bootstrap batch from seed CSV; depth 1; unresolved data should be tightened in daily runs.
entity_robot_actuators,robot_actuators,Robot actuators,technology,active,2,,Private / thematic,USD,Global,Technology,Critical hardware bottleneck for robots,"Robot actuators should be tracked through demand drivers, supply constraints, pricing, and leading indicators.","Robot actuators is tracked as a system-level node because Critical hardware bottleneck for robots. The bootstrap focuses on demand drivers, bottlenecks, pricing, and linked entities.",robot actuators|harmonic drives|motors|reducers|servos|Robot actuators|Robot actuators report,humanoid_robots|tesla|unitree_robotics|industrial_automation,2026-06-20T21:36:24Z,2026-06-20,1,0.60,Bootstrap batch from seed CSV; depth 1; unresolved data should be tightened in daily runs.
entity_rocket_lab,rocket_lab,Rocket Lab,company,active,2,RKLB,Public market,USD,Global,Company,Public comparable for space launch and systems,Business lines | Key KPIs,Rocket Lab is tracked because Public comparable for space launch and systems. Bootstrap content stays concise and source-backed so daily runs can replace placeholders with dated evidence.,Rocket Lab|RKLB|launch|Neutron|space systems|Rocket Lab investor relations|Rocket Lab annual report,space_launch_market|spacex|satellite_internet,2026-06-20T21:36:24Z,2026-06-20,4,0.60,Bootstrap batch from seed CSV; depth 1; unresolved data should be tightened in daily runs.
entity_sam_altman,sam_altman,Sam Altman,person,active,2,,Private / thematic,USD,Global,Person,Key person for OpenAI and AI infrastructure strategy,"OpenAI strategy setter; monitor model roadmap, compute partnerships, governance, and monetization. | Bootstrap focus",Sam Altman is tracked as a key-person and strategy connector because Key person for OpenAI and AI infrastructure strategy.,Sam Altman|OpenAI|AI infrastructure|Stargate|Sam Altman interview|Sam Altman strategy,openai|microsoft|datacenters|energy,2026-06-20T21:36:24Z,2026-06-20,1,0.55,Bootstrap batch from seed CSV; depth 1; unresolved data should be tightened in daily runs.
entity_samsung_electronics,samsung_electronics,Samsung Electronics,company,active,2,005930.KS,Public market,USD,Global,Company,"Memory, foundry, mobile, and AI hardware exposure",Reporting lens | Key KPIs,"Samsung Electronics is tracked because Memory, foundry, mobile, and AI hardware exposure. Bootstrap content stays concise and source-backed so daily runs can replace placeholders with dated evidence.",Samsung|memory|foundry|HBM|NAND|Samsung Electronics investor relations|Samsung Electronics annual report,nvidia|sk_hynix|micron|tsmc,2026-06-20T21:36:24Z,2026-06-20,1,0.60,Bootstrap batch from seed CSV; depth 1; unresolved data should be tightened in daily runs.
entity_satellite_internet,satellite_internet,Satellite internet,market,active,2,,Private / thematic,USD,Global,Market,SpaceX/Starlink market context,Demand drivers | Constraints,"Satellite internet is tracked as a system-level node because SpaceX/Starlink market context. The bootstrap focuses on demand drivers, bottlenecks, pricing, and linked entities.",satellite internet|LEO broadband|broadband access|direct to cell|Satellite internet|Satellite internet report,starlink|amazon_kuiper|spacex|telecom_market,2026-06-20T21:36:24Z,2026-06-20,1,0.60,Bootstrap batch from seed CSV; depth 1; unresolved data should be tightened in daily runs.
entity_sk_hynix,sk_hynix,SK hynix,company,active,2,000660.KS,Public market,USD,Global,Company,HBM supplier and AI hardware bottleneck,Reporting lens | Key KPIs,SK hynix is tracked because HBM supplier and AI hardware bottleneck. Bootstrap content stays concise and source-backed so daily runs can replace placeholders with dated evidence.,SK hynix|HBM|DRAM|memory|SK hynix investor relations|SK hynix annual report,nvidia|micron|samsung_electronics,2026-06-20T21:36:24Z,2026-06-20,2,0.60,Bootstrap batch from seed CSV; depth 1; unresolved data should be tightened in daily runs.
entity_space_launch_market,space_launch_market,Space launch market,market,active,2,,Private / thematic,USD,Global,Market,SpaceX core external market,Demand drivers | Constraints,"Space launch market is tracked as a system-level node because SpaceX core external market. The bootstrap focuses on demand drivers, bottlenecks, pricing, and linked entities.",space launch|reusable rockets|launch cost|orbital payload|Space launch market|Space launch market report,spacex|rocket_lab|satellite_internet|defense_space,2026-06-20T21:36:24Z,2026-06-20,1,0.60,Bootstrap batch from seed CSV; depth 1; unresolved data should be tightened in daily runs.
entity_sqm,sqm,SQM,company,active,2,SQM,Public market,USD,Global,Company,Lithium producer and supply-side signal,Business lines | Key KPIs,SQM is tracked because Lithium producer and supply-side signal. Bootstrap content stays concise and source-backed so daily runs can replace placeholders with dated evidence.,SQM|lithium|Chile|lithium carbonate|SQM investor relations|SQM annual report,lithium|battery_storage|ev_market,2026-06-20T21:36:24Z,2026-06-20,4,0.60,Bootstrap batch from seed CSV; depth 1; unresolved data should be tightened in daily runs.
entity_starlink,starlink,Starlink,private_company,active,2,,Private / thematic,USD,Global,Private Company,SpaceX revenue engine and global communications infrastructure,Business lines | Key KPIs,Starlink is tracked because SpaceX revenue engine and global communications infrastructure. Bootstrap content stays concise and source-backed so daily runs can replace placeholders with dated evidence.,Starlink|satellite broadband|LEO internet|direct to cell|Starlink official site|Starlink product update,spacex|satellite_internet|amazon_kuiper|telecom_market,2026-06-20T21:36:24Z,2026-06-20,2,0.55,Bootstrap batch from seed CSV; depth 1; unresolved data should be tightened in daily runs.
entity_sundar_pichai,sundar_pichai,Sundar Pichai,person,active,2,,Private / thematic,USD,Global,Person,Key person for Google AI strategy,"Google platform and AI execution leader; monitor Gemini integration, cloud AI, and capex priorities. | Bootstrap focus",Sundar Pichai is tracked as a key-person and strategy connector because Key person for Google AI strategy.,Sundar Pichai|Google|Gemini|cloud AI|Sundar Pichai interview|Sundar Pichai strategy,google|openai|datacenters,2026-06-20T21:36:24Z,2026-06-20,1,0.55,Bootstrap batch from seed CSV; depth 1; unresolved data should be tightened in daily runs.
entity_transformers,transformers,Power transformers,infrastructure,active,2,,Private / thematic,USD,Global,Infrastructure,Grid expansion bottleneck,"Power transformers should be tracked through demand drivers, supply constraints, pricing, and leading indicators.","Power transformers is tracked as a system-level node because Grid expansion bottleneck. The bootstrap focuses on demand drivers, bottlenecks, pricing, and linked entities.",power transformers|grid transformers|electrical steel|transformer shortage|Power transformers|Power transformers report,electricity_grid|datacenters|copper|steel|energy,2026-06-20T21:36:24Z,2026-06-20,1,0.60,Bootstrap batch from seed CSV; depth 1; unresolved data should be tightened in daily runs.
entity_unitree_robotics,unitree_robotics,Unitree Robotics,private_company,active,2,,Private / thematic,USD,Global,Private Company,Low-cost Chinese robotics signal,"Unitree Robotics should be tracked by its core products/services, strategic growth vectors, and capital intensity. | Bootstrap focus",Unitree Robotics is tracked because Low-cost Chinese robotics signal. Bootstrap content stays concise and source-backed so daily runs can replace placeholders with dated evidence.,Unitree|G1|H1|humanoid robot|quadruped robot|Unitree Robotics official site|Unitree Robotics product update,humanoid_robots|robot_actuators,2026-06-20T21:36:24Z,2026-06-20,1,0.55,Bootstrap batch from seed CSV; depth 1; unresolved data should be tightened in daily runs.
entity_uranium,uranium,Uranium,commodity,active,2,,Private / thematic,USD,Global,Commodity,Fuel input for nuclear power thesis,"Pricing reflects reactor restart/build demand, enrichment constraints, contracting cycles, and producer discipline. | Bootstrap focus","Uranium is tracked as a key input and pricing signal because Fuel input for nuclear power thesis. The bootstrap emphasizes supply-demand, price transmission, and downstream exposure.",uranium|U3O8|nuclear fuel|enrichment|Uranium|Uranium report,nuclear_power|energy|datacenters,2026-06-20T21:36:24Z,2026-06-20,1,0.60,Bootstrap batch from seed CSV; depth 1; unresolved data should be tightened in daily runs.
entity_us_china_chip_controls,us_china_chip_controls,US-China chip controls,regulation,active,2,,Private / thematic,USD,Global,Regulation,Regulatory constraint on AI hardware supply and demand,"US-China chip controls should be tracked through policy text, enforcement, exemptions, and supply-chain spillovers.","US-China chip controls is tracked because policy constraints can change supply, demand, valuation, and strategic behavior across the stack.",chip export controls|China AI chips|Huawei|sanctions|HBM restrictions|US-China chip controls|US-China chip controls report,nvidia|asml|tsmc|china_taiwan_risk,2026-06-20T21:36:24Z,2026-06-20,1,0.55,Bootstrap batch from seed CSV; depth 1; unresolved data should be tightened in daily runs.
entity_waymo,waymo,Waymo,company,active,2,GOOGL,Public market,USD,Global,Company,Leading robotaxi benchmark for Tesla autonomy,Business lines | Key KPIs,Waymo is tracked because Leading robotaxi benchmark for Tesla autonomy. Bootstrap content stays concise and source-backed so daily runs can replace placeholders with dated evidence.,Waymo|robotaxi|autonomous driving|self-driving cars|Waymo investor relations|Waymo annual report,google|robotaxi_autonomy|tesla|automotive_market,2026-06-20T21:36:24Z,2026-06-20,3,0.60,Bootstrap batch from seed CSV; depth 1; unresolved data should be tightened in daily runs.
entity_abb_robotics,abb_robotics,ABB Robotics,company,paused,3,ABBN.SW,Public market,USD,Global,Company,Industrial automation and electrification exposure,"ABB Robotics should be tracked by its core products/services, strategic growth vectors, and capital intensity. | Bootstrap focus",ABB Robotics is tracked because Industrial automation and electrification exposure. Bootstrap content stays concise and source-backed so daily runs can replace placeholders with dated evidence.,ABB Robotics|industrial automation|robots|ABB Robotics investor relations|ABB Robotics annual report,industrial_automation|energy|automotive_market,2026-06-20T21:36:24Z,2026-06-20,2,0.60,Bootstrap batch from seed CSV; depth 1; unresolved data should be tightened in daily runs.
entity_ai_consumer_devices,ai_consumer_devices,AI consumer devices,market,paused,3,,Private / thematic,USD,Global,Market,Consumer distribution layer for AI,Demand drivers | Constraints,"AI consumer devices is tracked as a system-level node because Consumer distribution layer for AI. The bootstrap focuses on demand drivers, bottlenecks, pricing, and linked entities.",AI devices|edge AI|AI smartphone|wearables|AI consumer devices|AI consumer devices report,apple|google|meta|arm|tsmc,2026-06-20T21:36:24Z,2026-06-20,1,0.60,Bootstrap batch from seed CSV; depth 1; unresolved data should be tightened in daily runs.
entity_aluminum,aluminum,Aluminum,commodity,paused,3,,Private / thematic,USD,Global,Commodity,"EV, grid, and solar input","Pricing reflects power costs, lightweighting demand, and supply discipline in smelting. | Bootstrap focus","Aluminum is tracked as a key input and pricing signal because EV, grid, and solar input. The bootstrap emphasizes supply-demand, price transmission, and downstream exposure.",aluminum|lightweighting|power cables|auto aluminum|Aluminum|Aluminum report,ev_market|solar|electricity_grid,2026-06-20T21:36:24Z,2026-06-20,1,0.60,Bootstrap batch from seed CSV; depth 1; unresolved data should be tightened in daily runs.
entity_boston_dynamics,boston_dynamics,Boston Dynamics,private_company,paused,3,,Private / thematic,USD,Global,Private Company,Robotics benchmark and commercial automation signal,"Boston Dynamics should be tracked by its core products/services, strategic growth vectors, and capital intensity. | Bootstrap focus",Boston Dynamics is tracked because Robotics benchmark and commercial automation signal. Bootstrap content stays concise and source-backed so daily runs can replace placeholders with dated evidence.,Boston Dynamics|Atlas|Stretch|Spot|Boston Dynamics official site|Boston Dynamics product update,humanoid_robots|logistics_automation,2026-06-20T21:36:24Z,2026-06-20,1,0.55,Bootstrap batch from seed CSV; depth 1; unresolved data should be tightened in daily runs.
entity_cadence,cadence,Cadence,company,paused,3,CDNS,Public market,USD,Global,Company,EDA picks-and-shovels for chip design,Business lines | Key KPIs,Cadence is tracked because EDA picks-and-shovels for chip design. Bootstrap content stays concise and source-backed so daily runs can replace placeholders with dated evidence.,Cadence|EDA|chip design software|Cadence investor relations|Cadence annual report,synopsys|nvidia|broadcom|tsmc,2026-06-20T21:36:24Z,2026-06-20,4,0.60,Bootstrap batch from seed CSV; depth 1; unresolved data should be tightened in daily runs.
entity_cobalt,cobalt,Cobalt,commodity,paused,3,,Private / thematic,USD,Global,Commodity,Battery commodity with ethical/supply risk,"Pricing is driven by battery cathode demand, DRC supply risk, and chemistry shifts away from cobalt intensity. | Bootstrap focus","Cobalt is tracked as a key input and pricing signal because Battery commodity with ethical/supply risk. The bootstrap emphasizes supply-demand, price transmission, and downstream exposure.",cobalt|DRC cobalt|battery cathode|NMC|Cobalt|Cobalt report,battery_storage|ev_market|nickel,2026-06-20T21:36:24Z,2026-06-20,1,0.60,Bootstrap batch from seed CSV; depth 1; unresolved data should be tightened in daily runs.
entity_defense_space,defense_space,Defense space market,market,paused,3,,Private / thematic,USD,Global,Market,Space demand and geopolitical tailwind,Demand drivers | Constraints,"Defense space market is tracked as a system-level node because Space demand and geopolitical tailwind. The bootstrap focuses on demand drivers, bottlenecks, pricing, and linked entities.",defense space|military satellites|national security launch|Defense space market|Defense space market report,spacex|rocket_lab|satellite_internet,2026-06-20T21:36:24Z,2026-06-20,1,0.60,Bootstrap batch from seed CSV; depth 1; unresolved data should be tightened in daily runs.
entity_ecommerce,ecommerce,E-commerce market,market,paused,3,,Private / thematic,USD,Global,Market,Amazon commerce and logistics baseline,Demand drivers | Constraints,"E-commerce market is tracked as a system-level node because Amazon commerce and logistics baseline. The bootstrap focuses on demand drivers, bottlenecks, pricing, and linked entities.",ecommerce|online retail|marketplace|logistics|E-commerce market|E-commerce market report,amazon|logistics_automation|digital_ads,2026-06-20T21:36:24Z,2026-06-20,1,0.60,Bootstrap batch from seed CSV; depth 1; unresolved data should be tightened in daily runs.
entity_fanuc,fanuc,FANUC,company,paused,3,6954.T,Public market,USD,Global,Company,Incumbent robotics automation exposure,"FANUC should be tracked by its core products/services, strategic growth vectors, and capital intensity. | Bootstrap focus",FANUC is tracked because Incumbent robotics automation exposure. Bootstrap content stays concise and source-backed so daily runs can replace placeholders with dated evidence.,FANUC|industrial robots|factory automation|FANUC investor relations|FANUC annual report,industrial_automation|humanoid_robots|automotive_market,2026-06-20T21:36:24Z,2026-06-20,2,0.60,Bootstrap batch from seed CSV; depth 1; unresolved data should be tightened in daily runs.
entity_intel,intel,Intel,company,paused,3,INTC,Public market,USD,Global,Company,Turnaround/strategic foundry optionality,Reporting lens | Key KPIs,Intel is tracked because Turnaround/strategic foundry optionality. Bootstrap content stays concise and source-backed so daily runs can replace placeholders with dated evidence.,Intel|foundry|Gaudi|x86|advanced packaging|Intel investor relations|Intel annual report,tsmc|asml|amd|nvidia,2026-06-20T21:36:24Z,2026-06-20,4,0.60,Bootstrap batch from seed CSV; depth 1; unresolved data should be tightened in daily runs.
entity_jeff_bezos,jeff_bezos,Jeff Bezos,person,paused,3,,Private / thematic,USD,Global,Person,Amazon/space strategic influence,Amazon/Kuiper strategic influence and long-horizon space optionality monitor. | Bootstrap focus,Jeff Bezos is tracked as a key-person and strategy connector because Amazon/space strategic influence.,Jeff Bezos|Amazon|Blue Origin|Kuiper|Jeff Bezos interview|Jeff Bezos strategy,amazon|amazon_kuiper|space_launch_market,2026-06-20T21:36:24Z,2026-06-20,1,0.55,Bootstrap batch from seed CSV; depth 1; unresolved data should be tightened in daily runs.
entity_lisa_su,lisa_su,Lisa Su,person,paused,3,,Private / thematic,USD,Global,Person,Key person for AMD execution,"AMD execution leader; monitor MI-series ramp, EPYC competitiveness, and foundry coordination. | Bootstrap focus",Lisa Su is tracked as a key-person and strategy connector because Key person for AMD execution.,Lisa Su|AMD|AI chips|EPYC|Lisa Su interview|Lisa Su strategy,amd|nvidia,2026-06-20T21:36:24Z,2026-06-20,1,0.55,Bootstrap batch from seed CSV; depth 1; unresolved data should be tightened in daily runs.
entity_neuralink,neuralink,Neuralink,private_company,paused,3,,Private / thematic,USD,Global,Private Company,Long-duration optionality; less direct to Tesla but part of Elon ecosystem,"Neuralink should be tracked by its core products/services, strategic growth vectors, and capital intensity. | Bootstrap focus",Neuralink is tracked because Long-duration optionality; less direct to Tesla but part of Elon ecosystem. Bootstrap content stays concise and source-backed so daily runs can replace placeholders with dated evidence.,Neuralink|BCI|brain computer interface|implants|Neuralink official site|Neuralink product update,elon_musk,2026-06-20T21:36:24Z,2026-06-20,2,0.55,Bootstrap batch from seed CSV; depth 1; unresolved data should be tightened in daily runs.
entity_robot_sensors,robot_sensors,Robot sensors,technology,paused,3,,Private / thematic,USD,Global,Technology,Robot perception and manipulation bottleneck,"Robot sensors should be tracked through demand drivers, supply constraints, pricing, and leading indicators.","Robot sensors is tracked as a system-level node because Robot perception and manipulation bottleneck. The bootstrap focuses on demand drivers, bottlenecks, pricing, and linked entities.",robot sensors|tactile sensors|lidar|vision sensors|force torque sensors|Robot sensors|Robot sensors report,humanoid_robots|robotaxi_autonomy|nvidia,2026-06-20T21:36:24Z,2026-06-20,1,0.60,Bootstrap batch from seed CSV; depth 1; unresolved data should be tightened in daily runs.
entity_rockwell_automation,rockwell_automation,Rockwell Automation,company,paused,3,ROK,Public market,USD,Global,Company,Industrial automation software/hardware incumbent,"Rockwell Automation should be tracked by its core products/services, strategic growth vectors, and capital intensity. | Bootstrap focus",Rockwell Automation is tracked because Industrial automation software/hardware incumbent. Bootstrap content stays concise and source-backed so daily runs can replace placeholders with dated evidence.,Rockwell Automation|factory automation|industrial software|Rockwell Automation investor relations|Rockwell Automation annual report,industrial_automation|humanoid_robots|automotive_market,2026-06-20T21:36:24Z,2026-06-20,4,0.60,Bootstrap batch from seed CSV; depth 1; unresolved data should be tightened in daily runs.
entity_samsung_sdi,samsung_sdi,Samsung SDI,company,paused,3,006400.KS,Public market,USD,Global,Company,Battery supplier benchmark,Business lines | Key KPIs,Samsung SDI is tracked because Battery supplier benchmark. Bootstrap content stays concise and source-backed so daily runs can replace placeholders with dated evidence.,Samsung SDI|EV batteries|battery cells|Samsung SDI investor relations|Samsung SDI annual report,battery_storage|lithium|ev_market,2026-06-20T21:36:24Z,2026-06-20,2,0.60,Bootstrap batch from seed CSV; depth 1; unresolved data should be tightened in daily runs.
entity_siemens,siemens,Siemens,company,paused,3,SIEGY,Public market,USD,Global,Company,Industrial automation and grid infrastructure,"Siemens should be tracked by its core products/services, strategic growth vectors, and capital intensity. | Bootstrap focus",Siemens is tracked because Industrial automation and grid infrastructure. Bootstrap content stays concise and source-backed so daily runs can replace placeholders with dated evidence.,Siemens|industrial automation|grid|digital industries|Siemens investor relations|Siemens annual report,industrial_automation|electricity_grid|energy,2026-06-20T21:36:24Z,2026-06-20,2,0.60,Bootstrap batch from seed CSV; depth 1; unresolved data should be tightened in daily runs.
entity_silver,silver,Silver,commodity,paused,3,,Private / thematic,USD,Global,Commodity,Solar input and monetary/industrial crossover,Pricing reflects PV and electronics industrial demand plus monetary/investment flows. | Bootstrap focus,"Silver is tracked as a key input and pricing signal because Solar input and monetary/industrial crossover. The bootstrap emphasizes supply-demand, price transmission, and downstream exposure.",silver|solar silver|PV paste|industrial silver|Silver|Silver report,solar|energy,2026-06-20T21:36:24Z,2026-06-20,1,0.60,Bootstrap batch from seed CSV; depth 1; unresolved data should be tightened in daily runs.
entity_steel,steel,Steel,commodity,paused,3,,Private / thematic,USD,Global,Commodity,Infrastructure and transformer input,"Pricing reflects construction/manufacturing cycles, raw material costs, and infrastructure demand. | Bootstrap focus","Steel is tracked as a key input and pricing signal because Infrastructure and transformer input. The bootstrap emphasizes supply-demand, price transmission, and downstream exposure.",steel|automotive steel|electrical steel|transformers|Steel|Steel report,automotive_market|wind_power|transformers|electricity_grid,2026-06-20T21:36:24Z,2026-06-20,1,0.60,Bootstrap batch from seed CSV; depth 1; unresolved data should be tightened in daily runs.
entity_synopsys,synopsys,Synopsys,company,paused,3,SNPS,Public market,USD,Global,Company,EDA picks-and-shovels for chip design,Business lines | Key KPIs,Synopsys is tracked because EDA picks-and-shovels for chip design. Bootstrap content stays concise and source-backed so daily runs can replace placeholders with dated evidence.,Synopsys|EDA|chip design|IP|Synopsys investor relations|Synopsys annual report,cadence|nvidia|broadcom|tsmc,2026-06-20T21:36:24Z,2026-06-20,4,0.60,Bootstrap batch from seed CSV; depth 1; unresolved data should be tightened in daily runs.
entity_telecom_market,telecom_market,Telecom market,market,paused,3,,Private / thematic,USD,Global,Market,Connectivity TAM and substitution risk,Demand drivers | Constraints,"Telecom market is tracked as a system-level node because Connectivity TAM and substitution risk. The bootstrap focuses on demand drivers, bottlenecks, pricing, and linked entities.",telecom|wireless|broadband|satellite direct to cell|Telecom market|Telecom market report,starlink|amazon_kuiper|satellite_internet,2026-06-20T21:36:24Z,2026-06-20,1,0.60,Bootstrap batch from seed CSV; depth 1; unresolved data should be tightened in daily runs.
entity_toyota,toyota,Toyota,company,paused,3,7203.T,Public market,USD,Global,Company,Legacy auto benchmark and hybrid counter-thesis,"Toyota should be tracked by its core products/services, strategic growth vectors, and capital intensity. | Bootstrap focus",Toyota is tracked because Legacy auto benchmark and hybrid counter-thesis. Bootstrap content stays concise and source-backed so daily runs can replace placeholders with dated evidence.,Toyota|hybrid vehicles|solid state batteries|auto market|Toyota investor relations|Toyota annual report,automotive_market|ev_market|battery_storage,2026-06-20T21:36:24Z,2026-06-20,2,0.60,Bootstrap batch from seed CSV; depth 1; unresolved data should be tightened in daily runs.
entity_volkswagen,volkswagen,Volkswagen,company,paused,3,VOW3.DE,Public market,USD,Global,Company,Legacy auto transition benchmark,"Volkswagen should be tracked by its core products/services, strategic growth vectors, and capital intensity. | Bootstrap focus",Volkswagen is tracked because Legacy auto transition benchmark. Bootstrap content stays concise and source-backed so daily runs can replace placeholders with dated evidence.,Volkswagen|VW|EV transition|auto market|Volkswagen investor relations|Volkswagen annual report,automotive_market|ev_market|battery_storage,2026-06-20T21:36:24Z,2026-06-20,2,0.60,Bootstrap batch from seed CSV; depth 1; unresolved data should be tightened in daily runs.
entity_vr_ar_market,vr_ar_market,VR/AR market,market,paused,3,,Private / thematic,USD,Global,Market,Meta optionality and Apple comparison,Demand drivers | Constraints,"VR/AR market is tracked as a system-level node because Meta optionality and Apple comparison. The bootstrap focuses on demand drivers, bottlenecks, pricing, and linked entities.",VR|AR|mixed reality|headsets|spatial computing|VR/AR market|VR/AR market report,meta|apple|ai_consumer_devices,2026-06-20T21:36:24Z,2026-06-20,1,0.60,Bootstrap batch from seed CSV; depth 1; unresolved data should be tightened in daily runs.
entity_wind_power,wind_power,Wind power,sector,paused,3,,Private / thematic,USD,Global,Sector,Renewable generation comparison to solar,Demand drivers | Constraints,"Wind power is tracked as a system-level node because Renewable generation comparison to solar. The bootstrap focuses on demand drivers, bottlenecks, pricing, and linked entities.",wind power|offshore wind|onshore wind|turbines|Wind power|Wind power report,energy|electricity_grid|rare_earths|copper,2026-06-20T21:36:24Z,2026-06-20,1,0.60,Bootstrap batch from seed CSV; depth 1; unresolved data should be tightened in daily runs.
entity_zoox,zoox,Zoox,private_company,paused,3,,Private / thematic,USD,Global,Private Company,Amazon-linked autonomous mobility entity,"Zoox should be tracked by its core products/services, strategic growth vectors, and capital intensity. | Bootstrap focus",Zoox is tracked because Amazon-linked autonomous mobility entity. Bootstrap content stays concise and source-backed so daily runs can replace placeholders with dated evidence.,Zoox|autonomous vehicles|robotaxi|Zoox official site|Zoox product update,amazon|robotaxi_autonomy|waymo|tesla,2026-06-20T21:36:24Z,2026-06-20,1,0.55,Bootstrap batch from seed CSV; depth 1; unresolved data should be tightened in daily runs.
